danceability,energy,valence,tempo
0.41494670231729053,0.4772281639928699,0.2053559714795009,122.16738948306596
